YEAR,BRAND,MODEL,KMs_DRIVEN,FUEL_TYPE,OWNER,PRICE,CITY,MONTHLY_EMI
2011,Maruti,Alto K10,59954,Petrol,1st,168000,Ahmedabad,3284
2014,Maruti,Alto 800,7824,Petrol,1st,241000,Ahmedabad,4712
2010,Maruti,Zen Estilo,82224,Petrol,1st,150000,Ahmedabad,2933
2012,Maruti,Swift,72383,Petrol,2nd,354000,Ahmedabad,6921
2019,Maruti,New Wagon-R,20945,Petrol,1st,554000,Ahmedabad,10831
2022,Maruti,Alto,35503,CNG,1st,507000,Ahmedabad,9912
2018,Maruti,Eeco,57011,CNG,1st,473000,Ahmedabad,9247
2022,Maruti,Alto,10221,Petrol,1st,426000,Ahmedabad,8328
2018,Maruti,IGNIS,89530,CNG,1st,449000,Ahmedabad,8778
2015,Maruti,Alto 800,121783,Petrol,1st,227000,Ahmedabad,4438
2012,Maruti,Swift,114919,Diesel,3rd,308000,Ahmedabad,6021
2012,Maruti,Swift Dzire,119603,Petrol,3rd,320000,Ahmedabad,6256
2021,Maruti,Vitara Brezza,27815,Petrol,2nd,798000,Ahmedabad,15601
2022,Maruti,Ciaz,7536,Petrol,1st,1101000,Ahmedabad,20957
2014,Maruti,Wagon R 1.0,94458,Petrol,2nd,296000,Ahmedabad,5787
2018,Maruti,Eeco,75399,Petrol,1st,402000,Ahmedabad,7859
2012,Maruti,Swift Dzire,116202,Petrol,1st,334000,Ahmedabad,6530
2019,Maruti,Eeco,30023,Petrol,1st,473000,Ahmedabad,9247
2022,Maruti,Ciaz,7815,Petrol,1st,1068000,Ahmedabad,20328
2014,Maruti,Swift,94636,Petrol,2nd,382000,Ahmedabad,7468
2010,Honda,City,73789,Petrol,3rd,230000,Ahmedabad,4497
2019,Honda,Civic,36576,Petrol,1st,1623000,Ahmedabad,30892
2022,Honda,Jazz,5581,Petrol,2nd,1042000,Ahmedabad,19834
2017,Honda,Jazz,55173,Petrol,2nd,452000,Ahmedabad,8837
2014,Honda,Brio,75029,Petrol,2nd,366000,Ahmedabad,7155
2015,Honda,Jazz,74494,CNG,2nd,358300,Ahmedabad,7005
2019,Honda,Amaze,43774,Petrol,1st,576000,Ahmedabad,11261
2015,Honda,Jazz,112010,Petrol,2nd,395000,Ahmedabad,7722
2021,Honda,Amaze,101603,Petrol,1st,523000,Ahmedabad,10225
2019,Honda,Amaze,29929,Petrol,1st,687000,Ahmedabad,13431
2011,Honda,City,114079,Petrol,1st,334000,Ahmedabad,6530
2017,Honda,City,62802,Petrol,1st,721000,Ahmedabad,14096
2017,Honda,Amaze,33511,Petrol,2nd,462000,Ahmedabad,9032
2016,Honda,City,70833,Petrol,3rd,565000,Ahmedabad,11046
2019,Honda,Amaze,87157,CNG,1st,600000,Ahmedabad,11730
2017,Honda,BR-V,64898,Diesel,1st,624000,Ahmedabad,12199
2020,Honda,City,36212,Petrol,1st,1083000,Ahmedabad,20614
2015,Honda,Amaze,104289,Petrol,1st,362000,Ahmedabad,7077
2014,Honda,Brio,63492,Petrol,1st,385000,Ahmedabad,7527
2014,Honda,Amaze,69560,Petrol,2nd,371000,Ahmedabad,7253
2014,Hyundai,Elite i20,92793,Petrol,1st,527000,Ahmedabad,10303
2022,Hyundai,Creta,19131,Petrol,1st,1067000,Ahmedabad,20309
2012,Hyundai,i10,95392,CNG,1st,296000,Ahmedabad,5787
2019,Hyundai,Verna,55431,CNG,1st,870000,Ahmedabad,16560
2010,Hyundai,i10,124848,Petrol,2nd,177000,Ahmedabad,3460
2022,Hyundai,VENUE,12610,Petrol,1st,922000,Ahmedabad,17549
2013,Hyundai,Eon,58000,Petrol,3rd,191000,Ahmedabad,3734
2016,Hyundai,Elite i20,66630,Petrol,2nd,507000,Ahmedabad,9912
2010,Hyundai,i20,66314,Petrol,1st,272000,Ahmedabad,5318
2014,Hyundai,i10,105080,CNG,2nd,296000,Ahmedabad,5787
2019,Hyundai,NEW SANTRO,13394,Petrol,1st,522000,Ahmedabad,10205
2014,Hyundai,New Elantra,96579,Diesel,1st,550000,Ahmedabad,10753
2015,Hyundai,Grand i10,72036,Petrol,2nd,396000,Ahmedabad,7742
2019,Hyundai,Creta,43804,Petrol,1st,881000,Ahmedabad,16769
2016,Hyundai,Creta,101807,Diesel,2nd,819000,Ahmedabad,15589
2012,Hyundai,i20,76643,Petrol,2nd,328000,Ahmedabad,6412
2014,Hyundai,Xcent,47443,Petrol,1st,400000,Ahmedabad,7820
2020,Hyundai,VENUE,50394,Petrol,1st,764000,Ahmedabad,14936
2022,Hyundai,Creta,4236,Petrol,1st,1295000,Ahmedabad,24649
2015,Hyundai,i10,76494,CNG,2nd,340000,Ahmedabad,6647
2022,Tata,TIGOR,10076,CNG,1st,813000,Ahmedabad,15475
2022,Tata,TIGOR,9606,Petrol,1st,808000,Ahmedabad,15380
2022,Tata,Safari,48544,Diesel,1st,2252000,Ahmedabad,42865
2017,Tata,Tiago,88955,CNG,1st,406000,Ahmedabad,7937
2018,Tata,Tiago,56470,CNG,1st,431000,Ahmedabad,8426
2016,Tata,Tiago,110096,Petrol,1st,332000,Ahmedabad,6491
2018,Tata,NEXON,17476,Petrol,1st,674000,Ahmedabad,13177
2021,Tata,Tiago,7660,Petrol,1st,554000,Ahmedabad,10831
2017,Tata,TIGOR,110462,Petrol,1st,408000,Ahmedabad,7976
2022,Tata,ALTROZ,3094,Petrol,1st,672000,Ahmedabad,13138
2020,Tata,ALTROZ,17013,Petrol,1st,648000,Ahmedabad,12669
2022,Tata,TIGOR,24810,CNG,1st,777000,Ahmedabad,15190
2020,Tata,ALTROZ,84125,Petrol,1st,683000,Ahmedabad,13353
2018,Tata,TIGOR,87012,Petrol,1st,484000,Ahmedabad,9462
2021,Tata,NEXON,26606,Diesel,1st,991000,Ahmedabad,18863
2021,Tata,ALTROZ,45360,Petrol,1st,572000,Ahmedabad,11183
2021,Tata,NEXON,10667,Petrol,1st,1058200,Ahmedabad,20142
2022,Tata,Tiago,25813,CNG,1st,656000,Ahmedabad,12825
2022,Tata,ALTROZ,15968,Diesel,1st,858000,Ahmedabad,16331
2019,Tata,Tiago,23375,Petrol,2nd,567000,Ahmedabad,11085
2019,Renault,TRIBER,33912,Petrol,1st,572000,Ahmedabad,11183
2021,Renault,Kiger,20537,Petrol,2nd,636000,Ahmedabad,12434
2019,Renault,TRIBER,33367,Petrol,2nd,514000,Ahmedabad,10049
2022,Renault,Kwid,4139,Petrol,1st,498000,Ahmedabad,9736
2019,Renault,Kwid,50524,Petrol,1st,355000,Ahmedabad,6940
2021,Renault,Kiger,15987,Petrol,1st,704000,Ahmedabad,13763
2019,Renault,Kwid,74035,Petrol,1st,332000,Ahmedabad,6491
2018,Renault,Kwid,33257,Petrol,2nd,341000,Ahmedabad,6667
2017,Renault,Duster,37457,Petrol,1st,624000,Ahmedabad,12199
2021,Renault,Kwid,20600,Petrol,1st,434000,Ahmedabad,8485
2019,Renault,Kwid,28055,Petrol,1st,431000,Ahmedabad,8426
2020,Renault,TRIBER,27982,Petrol,1st,606000,Ahmedabad,11847
2022,Renault,TRIBER,19500,Petrol,1st,659000,Ahmedabad,12884
2019,Renault,Kwid,64974,Petrol,1st,391000,Ahmedabad,7644
2019,Renault,Kwid,65113,Petrol,2nd,359000,Ahmedabad,7019
2018,Renault,Kwid,53519,Petrol,1st,354000,Ahmedabad,6921
2022,Renault,TRIBER,3138,Petrol,1st,803000,Ahmedabad,15284
2015,Maruti,Ertiga,96184,Petrol,1st,646000,Hyderabad,12629
2016,Maruti,Swift Dzire,36678,Petrol,1st,536000,Hyderabad,10479
2020,Maruti,Dzire,88126,Petrol,1st,672000,Hyderabad,13138
2021,Maruti,Dzire,17294,Petrol,1st,689000,Hyderabad,13470
2020,Maruti,Swift,53991,Petrol,1st,625000,Hyderabad,12219
2019,Maruti,Celerio,84161,Petrol,2nd,507000,Hyderabad,9912
2010,Maruti,Alto,55024,Petrol,1st,171000,Hyderabad,3343
2017,Maruti,Wagon R 1.0,54856,Petrol,2nd,408000,Hyderabad,7976
2013,Maruti,Swift Dzire,99860,Diesel,1st,426000,Hyderabad,8328
2019,Maruti,Vitara Brezza,109271,Diesel,1st,777000,Hyderabad,15190
2010,Maruti,Ritz,63764,Petrol,1st,295000,Hyderabad,5767
2021,Maruti,Baleno,45356,Petrol,1st,836000,Hyderabad,15912
2017,Maruti,Dzire,109752,Diesel,1st,674000,Hyderabad,13177
2018,Maruti,Vitara Brezza,86219,Diesel,1st,711000,Hyderabad,13900
2021,Maruti,Swift,118937,Petrol,1st,555000,Hyderabad,10850
2013,Maruti,Swift,85507,Diesel,2nd,410000,Hyderabad,8016
2013,Maruti,Wagon R 1.0,76369,Petrol,1st,365000,Hyderabad,7136
2016,Maruti,Swift Dzire,87113,Petrol,1st,523000,Hyderabad,10225
2013,Maruti,Swift,121617,Petrol,2nd,368000,Hyderabad,7194
2019,Maruti,Dzire,97112,Diesel,1st,770000,Hyderabad,15054
2015,Honda,Amaze,80687,Petrol,2nd,435000,Hyderabad,8504
2015,Honda,Amaze,59784,Petrol,1st,472000,Hyderabad,9228
2016,Honda,BR-V,36726,Petrol,1st,785000,Hyderabad,15347
2017,Honda,Brio,22180,Petrol,1st,445000,Hyderabad,8700
2015,Honda,City,90445,Diesel,2nd,469000,Hyderabad,9169
2019,Honda,Amaze,54042,Petrol,1st,667000,Hyderabad,13040
2015,Honda,Amaze,76438,Petrol,2nd,416000,Hyderabad,8133
2018,Honda,WR-V,27581,Petrol,2nd,655000,Hyderabad,12805
2017,Honda,City,59261,Petrol,1st,1005000,Hyderabad,19129
2014,Honda,City,109832,Petrol,2nd,464000,Hyderabad,9071
2019,Honda,Amaze,37566,Petrol,2nd,622000,Hyderabad,12160
2019,Honda,Civic,48114,Diesel,1st,1537000,Hyderabad,29255
2014,Honda,City,62015,Petrol,2nd,545000,Hyderabad,10655
2012,Honda,Brio,95178,Petrol,2nd,267000,Hyderabad,5220
2015,Honda,Brio,82956,Petrol,2nd,346000,Hyderabad,6764
2021,Honda,Amaze,16925,Petrol,1st,706000,Hyderabad,13802
2013,Honda,Brio,70687,Petrol,1st,388000,Hyderabad,7585
2014,Honda,City,79189,Diesel,2nd,531000,Hyderabad,10381
2016,Honda,Brio,54515,Petrol,2nd,378000,Hyderabad,7390
2018,Honda,City,75410,Diesel,1st,836000,Hyderabad,15912
2012,Hyundai,i10,66044,Petrol,2nd,306000,Hyderabad,5982
2011,Hyundai,i20,89927,Diesel,2nd,279000,Hyderabad,5455
2020,Hyundai,GRAND I10 NIOS,65955,Petrol,3rd,640000,Hyderabad,12512
2014,Hyundai,Xcent,57782,Petrol,1st,445000,Hyderabad,8700
2020,Hyundai,GRAND I10 NIOS,33909,Petrol,3rd,704000,Hyderabad,13763
2010,Hyundai,Santro Xing,81843,Petrol,1st,173000,Hyderabad,3382
2010,Hyundai,i10,69541,Petrol,1st,229000,Hyderabad,4477
2013,Hyundai,i20,74743,Petrol,2nd,385000,Hyderabad,7527
2015,Hyundai,Elite i20,83121,Diesel,2nd,615000,Hyderabad,12023
2022,Hyundai,NEW I20,17827,Petrol,1st,761000,Hyderabad,14878
2015,Hyundai,Eon,25121,Petrol,1st,279000,Hyderabad,5455
2020,Hyundai,Verna,68590,Diesel,1st,1260000,Hyderabad,23983
2019,Hyundai,VENUE,94953,Petrol,1st,979000,Hyderabad,18634
2020,Hyundai,Elite i20,51216,Petrol,1st,764000,Hyderabad,14936
2017,Hyundai,Eon,43914,Petrol,1st,274000,Hyderabad,5357
2013,Hyundai,i10,72473,Petrol,1st,299000,Hyderabad,5846
2010,Hyundai,i10,65303,Petrol,1st,247000,Hyderabad,4829
2021,Hyundai,Verna,19076,Petrol,1st,1046600,Hyderabad,19921
2010,Hyundai,Santro Xing,90566,Petrol,2nd,191000,Hyderabad,3734
2019,Hyundai,Verna,67370,Diesel,2nd,1023000,Hyderabad,19472
2017,Tata,Tiago,38500,Petrol,1st,436000,Hyderabad,8524
2021,Tata,NEXON,22140,Petrol,1st,1028000,Hyderabad,19567
2020,Tata,Tiago,16295,Petrol,2nd,531000,Hyderabad,10381
2017,Tata,TIGOR,94797,Petrol,1st,490000,Hyderabad,9580
2021,Tata,Safari,39163,Diesel,1st,2004000,Hyderabad,38144
2021,Tata,Safari,31083,Diesel,1st,1746000,Hyderabad,33234
2019,Tata,Tiago,40689,Petrol,1st,516000,Hyderabad,10088
2021,Tata,NEXON,44641,Petrol,1st,860000,Hyderabad,16369
2021,Tata,TIGOR,14867,Petrol,1st,626000,Hyderabad,12238
2018,Tata,Tiago,97982,Petrol,1st,497000,Hyderabad,9716
2020,Tata,ALTROZ,41382,Petrol,2nd,706000,Hyderabad,13802
2021,Tata,ALTROZ,61626,Diesel,1st,831000,Hyderabad,15817
2021,Tata,ALTROZ,12280,Petrol,1st,744000,Hyderabad,14545
2021,Tata,Harrier,70076,Diesel,1st,1775000,Hyderabad,33785
2018,Tata,Tiago,57380,Petrol,3rd,492000,Hyderabad,9619
2021,Tata,Tiago,30224,Petrol,1st,581000,Hyderabad,11359
2021,Tata,ALTROZ,31750,Petrol,2nd,746000,Hyderabad,14584
2022,Tata,NEXON,11254,Diesel,1st,977000,Hyderabad,18596
2021,Tata,Tiago,15606,Petrol,2nd,771000,Hyderabad,15073
2022,Tata,NEXON,55420,Diesel,1st,1123000,Hyderabad,21375
2020,Renault,Kwid,49893,Petrol,2nd,444000,Hyderabad,8680
2017,Renault,Kwid,65192,Petrol,1st,293000,Hyderabad,5728
2017,Renault,Kwid,24092,Petrol,1st,376000,Hyderabad,7351
2016,Renault,Kwid,42203,Petrol,2nd,290000,Hyderabad,5670
2017,Renault,Kwid,29011,Petrol,1st,333000,Hyderabad,6510
2012,Renault,Duster,67879,Diesel,1st,383000,Hyderabad,7488
2016,Renault,Kwid,41832,Petrol,2nd,296000,Hyderabad,5787
2019,Renault,Kwid,44363,Petrol,2nd,372000,Hyderabad,7273
2013,Renault,Duster,76134,Diesel,1st,408000,Hyderabad,7976
2018,Renault,Kwid,74542,Petrol,2nd,389000,Hyderabad,7605
2018,Renault,Kwid,48556,Petrol,1st,387000,Hyderabad,7566
2019,Renault,TRIBER,66518,Petrol,1st,627000,Hyderabad,12258
2018,Renault,Kwid,84020,Petrol,1st,339000,Hyderabad,6628
2022,Renault,TRIBER,39316,Petrol,1st,674000,Hyderabad,13177
2022,Renault,TRIBER,29302,Petrol,1st,770000,Hyderabad,15054
2018,Renault,Kwid,37830,Petrol,1st,413000,Hyderabad,8074
2017,Renault,Kwid,39992,Petrol,2nd,334000,Hyderabad,6530
2019,Renault,Kwid,36221,Petrol,2nd,407000,Hyderabad,7957
2019,Renault,Kwid,37526,Petrol,1st,414000,Hyderabad,8094
2019,Renault,Kwid,37634,Petrol,1st,400000,Hyderabad,7820
2012,Maruti,Alto 800,21677,Petrol,1st,215000,Hyderabad,4203
2015,Maruti,Swift Dzire,30526,Diesel,2nd,569000,Hyderabad,11124
2021,Maruti,XL6,55714,Petrol,2nd,959000,Mumbai,18254
2015,Maruti,Swift,78958,Petrol,1st,389000,Mumbai,7605
2010,Maruti,Swift Dzire,62906,Petrol,2nd,221000,Mumbai,4321
2010,Maruti,Alto K10,59327,Petrol,2nd,154000,Mumbai,3011
2013,Maruti,Ertiga,49082,Petrol,2nd,509000,Mumbai,9951
2012,Maruti,Zen Estilo,69120,CNG,2nd,194000,Mumbai,3793
2014,Maruti,Ertiga,84916,CNG,1st,675000,Mumbai,13196
2014,Maruti,Wagon R 1.0,76533,CNG,3rd,300000,Mumbai,5865
2011,Maruti,Swift Dzire,59566,Petrol,1st,281000,Mumbai,5494
2015,Maruti,Swift,52763,Petrol,1st,473000,Mumbai,9247
2016,Maruti,Ciaz,120582,Diesel,2nd,569000,Mumbai,11124
2014,Maruti,Alto 800,33148,Petrol,3rd,209000,Mumbai,4086
2014,Maruti,Wagon R 1.0,119476,CNG,1st,340000,Mumbai,6647
2015,Maruti,Ciaz,62270,Diesel,2nd,484000,Mumbai,9462
2017,Maruti,Swift,35029,Petrol,1st,438000,Mumbai,8563
2012,Maruti,Swift Dzire,45622,Petrol,1st,328000,Mumbai,6412
2014,Maruti,Wagon R 1.0,105447,CNG,1st,285000,Mumbai,5572
2014,Maruti,Celerio,94004,CNG,3rd,314000,Mumbai,6139
2015,Honda,Amaze,49063,Petrol,1st,369000,Mumbai,7214
2017,Honda,City,119183,Petrol,1st,737000,Mumbai,14408
2010,Honda,City,115080,Petrol,2nd,259000,Mumbai,5063
2013,Honda,Amaze,80324,Petrol,3rd,290000,Mumbai,5670
2015,Honda,Jazz,51915,Petrol,2nd,425000,Mumbai,8309
2013,Honda,City,65752,Petrol,2nd,356000,Mumbai,6960
2019,Honda,Jazz,15114,Petrol,1st,716000,Mumbai,13998
2017,Honda,WR-V,30995,Petrol,2nd,525000,Mumbai,10264
2012,Honda,City,100637,Petrol,2nd,314000,Mumbai,6139
2011,Honda,City,97888,Petrol,1st,305000,Mumbai,5963
2013,Honda,Amaze,94659,Diesel,2nd,352000,Mumbai,6882
2014,Honda,City,55320,Petrol,1st,482000,Mumbai,9423
2013,Honda,Brio,25784,Petrol,2nd,323200,Mumbai,6319
2014,Honda,Amaze,49056,Petrol,1st,386000,Mumbai,7546
2019,Honda,Amaze,26129,Petrol,1st,679000,Mumbai,13275
2019,Honda,Civic,24741,Petrol,1st,1683000,Mumbai,32034
2018,Honda,City,13267,Petrol,1st,790000,Mumbai,15445
2017,Honda,City,67576,Petrol,2nd,611000,Mumbai,11945
2011,Honda,City,91937,Petrol,1st,302000,Mumbai,5904
2012,Honda,Jazz,37938,Petrol,1st,292000,Mumbai,5709
2015,Hyundai,Elite i20,15511,Petrol,2nd,446000,Mumbai,8719
2015,Hyundai,i20 Active,41510,Petrol,1st,538000,Mumbai,10518
2011,Hyundai,i20,52236,Petrol,1st,233000,Mumbai,4555
2011,Hyundai,i10,30854,Petrol,2nd,189000,Mumbai,3695
2014,Hyundai,Xcent,44709,Petrol,2nd,402000,Mumbai,7859
2010,Hyundai,i20,41940,Petrol,2nd,227000,Mumbai,4438
2016,Hyundai,Grand i10,115191,Petrol,2nd,487000,Mumbai,9521
2018,Hyundai,Grand i10,56030,Petrol,1st,503000,Mumbai,9834
2014,Hyundai,Grand i10,98500,Petrol,2nd,337000,Mumbai,6588
2011,Hyundai,i20,95579,Petrol,2nd,246000,Mumbai,4809
2014,Hyundai,Grand i10,111828,Petrol,1st,343000,Mumbai,6706
2017,Hyundai,Creta,59964,Diesel,1st,920000,Mumbai,17511
2018,Hyundai,Verna,61460,Petrol,2nd,772000,Mumbai,15093
2013,Hyundai,Verna,87172,Diesel,3rd,413000,Mumbai,8074
2019,Hyundai,Creta,38166,Petrol,3rd,973800,Mumbai,18535
2021,Hyundai,AURA,14305,CNG,1st,763000,Mumbai,14917
2016,Hyundai,Eon,29926,Petrol,3rd,262000,Mumbai,5122
2011,Hyundai,i10,34801,Petrol,1st,294000,Mumbai,5748
2015,Hyundai,Creta,55603,Diesel,3rd,786000,Mumbai,15366
2016,Hyundai,Verna,24495,Petrol,2nd,717000,Mumbai,14017
2019,Tata,Harrier,65523,Diesel,2nd,1099000,Mumbai,20918
2022,Tata,PUNCH,2155,Petrol,1st,859000,Mumbai,16350
2019,Tata,NEXON,28058,CNG,3rd,651000,Mumbai,12727
2022,Tata,NEXON,8619,Petrol,1st,852000,Mumbai,16217
2018,Tata,NEXON,83378,Petrol,1st,574000,Mumbai,11222
2021,Tata,ALTROZ,43444,Diesel,1st,871000,Mumbai,16579
2018,Tata,TIGOR,116384,Petrol,1st,446000,Mumbai,8719
2019,Tata,NEXON,42959,Petrol,1st,685000,Mumbai,13392
2019,Tata,Tiago,20418,Petrol,1st,571000,Mumbai,11163
2016,Tata,Tiago,38625,Petrol,1st,435000,Mumbai,8504
2019,Tata,TIGOR,20104,Diesel,2nd,597000,Mumbai,11671
2023,Tata,ALTROZ,3036,Petrol,1st,995000,Mumbai,18939
2021,Tata,ALTROZ,40923,Diesel,1st,807000,Mumbai,15361
2017,Tata,TIGOR,72258,Petrol,1st,483000,Mumbai,9443
2018,Tata,TIGOR,37241,Petrol,1st,536000,Mumbai,10479
2018,Tata,Tiago,23658,Petrol,1st,503000,Mumbai,9834
2021,Tata,Tiago,6835,Petrol,1st,745000,Mumbai,14565
2021,Tata,NEXON,17657,Petrol,1st,941000,Mumbai,17911
2021,Tata,TIGOR,33712,Petrol,1st,662000,Mumbai,12942
2020,Tata,Tiago,45364,Petrol,1st,540200,Mumbai,10561
2019,Renault,Kwid,67987,Petrol,1st,346000,Mumbai,6764
2019,Renault,TRIBER,11582,Petrol,1st,598000,Mumbai,11691
2017,Renault,Kwid,47446,Petrol,1st,317000,Mumbai,6197
2020,Renault,TRIBER,4334,Petrol,1st,654000,Mumbai,12786
2020,Renault,Kwid,19481,Petrol,2nd,486000,Mumbai,9501
2019,Renault,Duster,31372,Petrol,2nd,818000,Mumbai,15570
2019,Renault,TRIBER,19719,Petrol,1st,679000,Mumbai,13275
2021,Renault,Kwid,7779,Petrol,1st,486000,Mumbai,9501
2019,Renault,TRIBER,21263,Petrol,2nd,665700,Mumbai,13015
2021,Renault,TRIBER,9066,Petrol,2nd,618000,Mumbai,12082
2019,Renault,Duster,89415,Diesel,2nd,863000,Mumbai,16426
2019,Renault,Duster,51146,Diesel,1st,876000,Mumbai,16674
2021,Renault,Kwid,19422,Petrol,1st,516000,Mumbai,10088
2020,Renault,Kwid,31150,Petrol,1st,511000,Mumbai,9990
2020,Renault,Kwid,5308,Petrol,1st,558000,Mumbai,10909
2020,Renault,Kwid,13865,Petrol,1st,518000,Mumbai,10127
2021,Renault,TRIBER,10795,Petrol,1st,771000,Mumbai,15073
2012,Renault,Duster,115074,Diesel,2nd,429000,Mumbai,8387
2020,Renault,Kwid,17652,Petrol,1st,430000,Mumbai,8407
2017,Maruti,Baleno,14566,Petrol,2nd,502000,New Delhi,9814
2017,Maruti,Swift,6746,Petrol,1st,464000,New Delhi,9071
2016,Maruti,Baleno,86080,Petrol,1st,546000,New Delhi,10674
2017,Maruti,Swift Dzire,90831,Diesel,1st,546000,New Delhi,10674
2018,Maruti,Ertiga,83567,Diesel,2nd,712000,New Delhi,13920
2019,Maruti,Ciaz,44180,Petrol,1st,743000,New Delhi,14526
2019,Maruti,Baleno,32346,Petrol,1st,513000,New Delhi,10029
2017,Maruti,Baleno,25403,Petrol,2nd,522800,New Delhi,10221
2015,Maruti,Swift,80025,Petrol,2nd,365000,New Delhi,7136
2017,Maruti,Baleno,15861,Petrol,1st,488000,New Delhi,9540
2018,Maruti,IGNIS,49158,Petrol,2nd,445000,New Delhi,8700
2017,Maruti,IGNIS,9665,Petrol,1st,475000,New Delhi,9286
2017,Maruti,Baleno,71575,Petrol,1st,467000,New Delhi,9130
2017,Maruti,Swift,37368,Petrol,1st,464000,New Delhi,9071
2020,Maruti,Baleno,59549,Petrol,1st,608000,New Delhi,11887
2018,Maruti,Swift,99078,CNG,1st,519000,New Delhi,10147
2020,Maruti,Baleno,60932,CNG,1st,602000,New Delhi,11769
2020,Maruti,Swift,44817,Petrol,2nd,542000,New Delhi,10596
2020,Maruti,Baleno,23256,Petrol,1st,634000,New Delhi,12395
2018,Maruti,Baleno,17328,Petrol,2nd,583000,New Delhi,11398
2016,Honda,Brio,59609,Petrol,1st,306000,New Delhi,5982
2015,Honda,Brio,20553,Petrol,1st,313000,New Delhi,6119
2018,Honda,City,35722,Petrol,1st,770000,New Delhi,15054
2019,Honda,WR-V,68714,Petrol,1st,630000,New Delhi,12317
2019,Honda,City,23277,Petrol,2nd,879000,New Delhi,16731
2018,Honda,Amaze,51809,Petrol,2nd,476000,New Delhi,9306
2014,Honda,City,100943,Petrol,2nd,430000,New Delhi,8407
2018,Honda,Amaze,32463,Petrol,2nd,450000,New Delhi,8798
2013,Honda,CRV,74125,Petrol,2nd,755000,New Delhi,14760
2018,Honda,City,52370,Petrol,1st,824000,New Delhi,15684
2019,Honda,Amaze,39485,Petrol,1st,664000,New Delhi,12981
2017,Honda,Amaze,45853,Petrol,1st,480000,New Delhi,9384
2019,Honda,City,31873,Petrol,1st,874000,New Delhi,16636
2018,Honda,Amaze,55763,Petrol,1st,546000,New Delhi,10674
2017,Honda,Amaze,97677,Petrol,2nd,373000,New Delhi,7292
2016,Honda,Amaze,46427,Petrol,1st,424000,New Delhi,8289
2020,Honda,Amaze,36305,Petrol,2nd,584000,New Delhi,11417
2011,Honda,City,41512,Petrol,1st,284000,New Delhi,5552
2014,Honda,City,70307,Petrol,2nd,458000,New Delhi,8954
2018,Honda,Amaze,97935,CNG,2nd,563000,New Delhi,11007
2019,Hyundai,Verna,14598,Petrol,2nd,1006200,New Delhi,19152
2020,Hyundai,Elite i20,74892,CNG,1st,598000,New Delhi,11691
2018,Hyundai,Grand i10,50010,Petrol,1st,462000,New Delhi,9032
2021,Hyundai,Verna,49930,Diesel,1st,1092000,New Delhi,20785
2018,Hyundai,Elite i20,40826,Petrol,2nd,533000,New Delhi,10420
2015,Hyundai,Eon,51597,Petrol,1st,223000,New Delhi,4360
2017,Hyundai,Elite i20,55856,Petrol,2nd,514000,New Delhi,10049
2011,Hyundai,Santro Xing,58503,Petrol,1st,144000,New Delhi,2815
2012,Hyundai,i10,110229,CNG,3rd,180000,New Delhi,3519
2012,Hyundai,i10,51210,Petrol,1st,188000,New Delhi,3675
2020,Hyundai,Verna,23961,Petrol,1st,1221000,New Delhi,23241
2021,Hyundai,VENUE,14445,Petrol,2nd,853000,New Delhi,16236
2016,Hyundai,Creta,115873,Petrol,2nd,676000,New Delhi,13216
2017,Hyundai,Elite i20,63817,Petrol,1st,505000,New Delhi,9873
2014,Hyundai,Santro Xing,55620,Petrol,1st,254000,New Delhi,4966
2019,Hyundai,NEW SANTRO,58339,CNG,1st,454000,New Delhi,8876
2015,Hyundai,Elite i20,59987,Petrol,2nd,453000,New Delhi,8856
2017,Hyundai,Grand i10,57438,Petrol,2nd,430000,New Delhi,8407
2012,Hyundai,Verna,62891,Petrol,1st,378000,New Delhi,7390
2017,Hyundai,Verna,37210,Petrol,1st,870000,New Delhi,16560
2021,Tata,Tiago,19811,Petrol,1st,516000,New Delhi,10088
2020,Tata,NEXON,23358,Petrol,1st,670000,New Delhi,13099
2019,Tata,NEXON,49044,Petrol,2nd,758000,New Delhi,14819
2018,Tata,TIGOR,57116,Petrol,1st,518000,New Delhi,10127
2019,Tata,Harrier,31652,Diesel,1st,1305000,New Delhi,24839
2021,Tata,Tiago,13447,Petrol,2nd,522000,New Delhi,10205
2021,Tata,Tiago,16074,Petrol,1st,540000,New Delhi,10557
2019,Tata,Harrier,44063,Diesel,1st,1299800,New Delhi,24740
2021,Tata,PUNCH,15142,Petrol,1st,791000,New Delhi,15464
2020,Tata,NEXON,61698,Petrol,2nd,740000,New Delhi,14467
2017,Tata,Tiago,31975,Petrol,1st,498000,New Delhi,9736
2018,Tata,Tiago,33709,Petrol,2nd,399000,New Delhi,7801
2021,Tata,Tiago,24685,Petrol,1st,526000,New Delhi,10283
2019,Tata,NEXON,54503,Petrol,1st,682000,New Delhi,13333
2021,Tata,Harrier,88980,Diesel,1st,1540300,New Delhi,29318
2022,Tata,PUNCH,16131,Petrol,1st,772000,New Delhi,15093
2021,Tata,NEXON,21169,Petrol,1st,1046000,New Delhi,19910
2022,Tata,Tiago,36971,CNG,1st,703000,New Delhi,13744
2019,Tata,TIGOR,29052,Petrol,1st,538000,New Delhi,10518
2020,Tata,ALTROZ,23753,Petrol,1st,651000,New Delhi,12727
2017,Renault,Kwid,67522,Petrol,3rd,245000,New Delhi,4790
2021,Renault,Kiger,45459,Petrol,1st,687000,New Delhi,13431
2019,Renault,Kwid,49668,Petrol,1st,281000,New Delhi,5494
2018,Renault,Kwid,49450,Petrol,2nd,255000,New Delhi,4985
2019,Renault,Kwid,9550,Petrol,1st,331000,New Delhi,6471
2021,Renault,Kwid,11812,Petrol,1st,415000,New Delhi,8113
2017,Renault,Kwid,33095,Petrol,2nd,247000,New Delhi,4829
2018,Renault,Duster,73676,Diesel,1st,579000,New Delhi,11320
2021,Renault,TRIBER,36758,Petrol,1st,558000,New Delhi,10909
2019,Renault,TRIBER,102395,Petrol,1st,483000,New Delhi,9443
2020,Renault,Kwid,26640,Petrol,1st,364000,New Delhi,7116
2018,Renault,Kwid,65927,Petrol,1st,299000,New Delhi,5846
2019,Renault,TRIBER,20260,Petrol,2nd,546000,New Delhi,10674
2019,Renault,TRIBER,24777,Petrol,1st,540000,New Delhi,10557
2019,Renault,TRIBER,57406,Petrol,1st,498000,New Delhi,9736
2019,Renault,TRIBER,23317,Petrol,1st,542000,New Delhi,10596
2019,Renault,Duster,35331,Diesel,1st,989000,New Delhi,18825
2022,Renault,TRIBER,13915,Petrol,2nd,701000,New Delhi,13705
2019,Renault,TRIBER,41387,Petrol,2nd,562000,New Delhi,10987
2017,Renault,Kwid,22822,Petrol,1st,277000,New Delhi,5415
2011,Maruti,Swift,82202,Petrol,3rd,284000,Pune,5552
2014,Maruti,Celerio,64335,Petrol,1st,330000,Pune,6452
2017,Maruti,Alto 800,48009,CNG,2nd,346000,Pune,6764
2015,Maruti,Wagon R 1.0,11546,Petrol,1st,311000,Pune,6080
2019,Maruti,New Wagon-R,39449,CNG,2nd,538000,Pune,10518
2010,Maruti,Ritz,108345,Petrol,2nd,183000,Pune,3578
2013,Maruti,Alto 800,31314,Petrol,1st,201000,Pune,3930
2016,Maruti,Wagon R 1.0,77414,CNG,2nd,333000,Pune,6510
2020,Maruti,S PRESSO,27892,CNG,1st,521000,Pune,10186
2012,Maruti,Swift,99479,Diesel,1st,430000,Pune,8407
2012,Maruti,Swift,66853,Diesel,1st,385000,Pune,7527
2014,Maruti,Swift,37411,Petrol,3rd,452000,Pune,8837
2012,Maruti,Swift Dzire,65502,Petrol,2nd,334000,Pune,6530
2015,Maruti,Swift,65291,Petrol,1st,454000,Pune,8876
2016,Maruti,Wagon R 1.0,61981,Petrol,2nd,384000,Pune,7507
2017,Maruti,Swift,48030,Petrol,2nd,467000,Pune,9130
2014,Maruti,Wagon R 1.0,77267,Petrol,1st,284000,Pune,5552
2012,Maruti,Alto 800,63748,Petrol,2nd,193000,Pune,3773
2012,Maruti,Wagon R 1.0,121602,CNG,1st,281000,Pune,5494
2014,Maruti,Wagon R 1.0,67238,CNG,1st,320000,Pune,6256
2013,Honda,City,67024,CNG,3rd,380000,Pune,7429
2014,Honda,Amaze,68710,Petrol,2nd,338000,Pune,6608
2021,Honda,Amaze,29900,Petrol,2nd,747000,Pune,14604
2015,Honda,City,29488,Petrol,1st,749000,Pune,14643
2014,Honda,City,69542,Petrol,3rd,428000,Pune,8367
2015,Honda,Amaze,58133,Petrol,1st,442000,Pune,8641
2019,Honda,Amaze,39633,Petrol,1st,599000,Pune,11711
2019,Honda,Civic,95065,Diesel,2nd,1277000,Pune,24307
2015,Honda,City,89766,Petrol,1st,587000,Pune,11476
2016,Honda,City,55353,Petrol,2nd,532000,Pune,10401
2017,Honda,Amaze,52380,Petrol,1st,487000,Pune,9521
2013,Honda,Brio,39803,Petrol,1st,280000,Pune,5474
2014,Honda,City,79081,CNG,3rd,524000,Pune,10244
2019,Honda,Civic,40972,Petrol,1st,1739000,Pune,33100
2015,Honda,City,77141,Petrol,2nd,658000,Pune,12864
2017,Honda,BR-V,49815,Petrol,3rd,731000,Pune,14291
2016,Honda,Brio,34456,Petrol,1st,354000,Pune,6921
2016,Honda,Jazz,56621,Petrol,1st,484000,Pune,9462
2012,Honda,Brio,60270,Petrol,2nd,244000,Pune,4770
2020,Honda,City,18115,Petrol,2nd,1090000,Pune,20747
2014,Hyundai,Eon,29202,Petrol,2nd,225000,Pune,4399
2010,Hyundai,i10,42872,Petrol,2nd,171000,Pune,3343
2015,Hyundai,Creta,45212,Petrol,1st,785000,Pune,15347
2015,Hyundai,Creta,55494,Petrol,1st,784000,Pune,15327
2015,Hyundai,Elite i20,43241,Petrol,3rd,449000,Pune,8778
2017,Hyundai,Elite i20,0,Petrol,1st,552000,Pune,10792
2011,Hyundai,Eon,66145,Petrol,3rd,184000,Pune,3597
2012,Hyundai,i20,62544,Petrol,2nd,338000,Pune,6608
2013,Hyundai,i10,53812,Petrol,3rd,294000,Pune,5748
2014,Hyundai,Grand i10,118402,Petrol,2nd,332000,Pune,6491
2014,Hyundai,Elite i20,97687,Diesel,1st,575000,Pune,11241
2019,Hyundai,Creta,93842,Diesel,3rd,1186000,Pune,22574
2016,Hyundai,Creta,55516,Petrol,1st,954000,Pune,18159
2018,Hyundai,Grand i10,11334,Petrol,1st,436000,Pune,8524
2012,Hyundai,Verna,100448,CNG,1st,441000,Pune,8622
2016,Hyundai,Verna,113077,Petrol,1st,653000,Pune,12766
2018,Hyundai,Eon,24161,Petrol,1st,308000,Pune,6021
2013,Hyundai,i20,97279,CNG,2nd,388000,Pune,7585
2014,Hyundai,Grand i10,22832,Petrol,1st,459000,Pune,8974
2011,Hyundai,i10,74895,Petrol,2nd,216000,Pune,4223
2017,Tata,Tiago,61157,Petrol,1st,420000,Pune,8211
2014,Tata,Zest,60667,Petrol,3rd,322000,Pune,6295
2020,Tata,ALTROZ,54725,Petrol,1st,710000,Pune,13881
2018,Tata,Tiago,60741,Diesel,2nd,441000,Pune,8622
2019,Tata,TIAGO NRG,84204,Petrol,1st,452000,Pune,8837
2021,Tata,ALTROZ,51956,Diesel,1st,872000,Pune,16598
2018,Tata,NEXON,99471,Diesel,1st,752000,Pune,14702
2021,Tata,ALTROZ,10093,Petrol,1st,725000,Pune,14174
2018,Tata,Tiago,64795,Petrol,1st,461000,Pune,9013
2017,Tata,TIGOR,115136,Petrol,2nd,476000,Pune,9306
2021,Tata,NEXON,23899,Petrol,1st,880000,Pune,16750
2018,Tata,Tiago,0,Diesel,1st,524000,Pune,10244
2021,Tata,ALTROZ,22779,Petrol,1st,811000,Pune,15437
2022,Tata,NEXON,17424,Diesel,1st,1304000,Pune,24820
2022,Tata,Tiago,5314,CNG,1st,708000,Pune,13842
2018,Tata,Tiago,34813,Petrol,2nd,515000,Pune,10068
2019,Tata,NEXON,71259,Diesel,2nd,833000,Pune,15855
2022,Tata,Tiago,38158,CNG,1st,726000,Pune,14193
2018,Tata,Tiago,27563,Petrol,1st,529000,Pune,10342
2018,Tata,Tiago,31440,Petrol,1st,541000,Pune,10577
2015,Renault,Kwid,65333,Petrol,1st,234000,Pune,4575
2015,Renault,Kwid,53895,Petrol,1st,299000,Pune,5846
2014,Renault,Duster,52550,Diesel,1st,579000,Pune,11320
2012,Renault,Duster,95630,Diesel,2nd,424000,Pune,8289
2020,Renault,TRIBER,25264,Petrol,2nd,609000,Pune,11906
2018,Renault,Kwid,18512,Petrol,2nd,388000,Pune,7585
2016,Renault,Kwid,16528,Petrol,2nd,346000,Pune,6764
2016,Renault,Kwid,27859,Petrol,1st,351000,Pune,6862
2021,Renault,Kwid,4782,Petrol,1st,466000,Pune,9110
2022,Renault,TRIBER,14386,Petrol,1st,692000,Pune,13529
2022,Renault,Kwid,4026,Petrol,1st,478000,Pune,9345
2019,Renault,Duster,12186,Diesel,2nd,848000,Pune,16141
2021,Renault,Kiger,32673,Petrol,1st,831000,Pune,15817
2013,Renault,Duster,108170,Diesel,3rd,462000,Pune,9032
2020,Renault,Kwid,46710,Petrol,1st,462000,Pune,9032
2020,Renault,Duster,30191,Petrol,1st,922000,Pune,17549
2019,Renault,TRIBER,11912,Petrol,1st,720000,Pune,14076
2022,Renault,TRIBER,39317,Petrol,1st,690000,Pune,13490
2016,Renault,Duster,104707,Diesel,1st,724200,Pune,14158
2020,Renault,Duster,15206,Petrol,1st,961000,Pune,18292
